id,sequence,name,axis_id/id
est_1,1,INSTAURAR MODELOS DE COGOBIERNO,axis_1
est_2,2,DESARROLLO DE CAPACIDADES Y POTENCIALIDADES CIUDADANAS,axis_1
est_3,3,IMPULSAR LA FORMACION Y EJERCICIO DE  LA CIUDADANIA ,axis_1
est_4,4,IMPULSAR PROCESOS INTEGRALES DE DESCENTRALIZACION,axis_2
est_5,5,POTENCIAR SECTORES PRODUCTIVOS ESTRATEGICOS,axis_2
est_6,6,DESARROLLAR  LA AUTOGESTION FINANCIERA ,axis_2
est_7,7,OPTIMIZAR LA  GESTION INSTITUCIONAL,axis_2
est_8,9,FOMENTAR LA AGROPRODUCCION,axis_3
est_9,10,FOMENTAR LA INDUSTRIALIZACION,axis_3
est_10,11,DESARROLLAR CONDICIONES PARA EL HABITAT PRODUCTIVO,axis_3
est_11,12,FOMENTO DE SERVICIOS,axis_3
est_12,14,GARANTIZAR LA CALIDAD AMBIENTAL,axis_4
est_13,15,CONSERVAR LOS RECURSOS NATURALES Y BIODIVERSIDAD,axis_4
est_14,16,PARTICIPAR EN EL SISTEMA DE GESTION DE RIESGOS,axis_4
est_15,17,FORTALECER LA GESTION VIAL,axis_5
