code,name,type
0,CLASIFICADOR PRESUPUESTARIO 2013,view
1,INGRESOS CORRIENTES,view
11,IMPUESTOS,view
1101,SOBRE LA RENTA,view
110101,A LA RENTA GLOBAL,normal
110102,A LA VENTA DE PREDIOS URBANOS,normal
110103,A LA VENTA DE PREDIOS RURALES,normal
110104,A LOS JUEGOS DE AZAR,normal
110199,A OTRAS RENTAS,normal
1102,SOBRE LA PROPIEDAD,view
110201,A LOS PREDIOS URBANOS,normal
110202,A LOS PREDIOS RUSTICOS,normal
110203,A LA INSCRIPCION EN EL REGISTRO DE LA PROPIEDAD O EN EL REGISTRO,normal
110204,A LAS TRANSMISIONES DE DOMINIO,normal
110205,A LOS VEHICULOS MOTORIZADOS DE TRANSPORTE TERRESTRE,normal
110206,DE ALCABALAS,normal
110207,A LOS ACTIVOS TOTALES,normal
110208,DE VEHICULOS MOTORIZADOS DE TRANSPORTE AEREO Y ACUATICO,normal
110210,A LA PROPIEDAD DE INMUEBLE URBANO PARA VIVIENDA DE INTERES SOCIAL,normal
110299,OTROS INGRESOS DE LA PROPIEDAD,normal
1103,AL CONSUMO DE BIENES Y SERVICIOS,view
110301,AL CONSUMO DE CIGARRILLOS,normal
110302,AL CONSUMO DE CERVEZA,normal
110303,AL CONSUMO DE BEBIDAS GASEOSAS,normal
110304,AL CONSUMO DE ALCOHOL Y PRODUCTOS ALCOHOLICOS,normal
110305,AL CONSUMO DE BIENES SUNTUARIOS,normal
110311,A LAS TELECOMUNICACIONES,normal
110312,A LOS ESPECTACULOS PUBLICOS,normal
110399,OTROS IMPUESTOS AL CONSUMO DE BIENES Y SERVICIOS,normal
1104,AL VALOR AGREGADO NETO,view
110401,DEBITOS DEL PERIODO,normal
110402,CREDITOS DEL PERIODO (-),normal
1105,SOBRE EL COMERCIO INTERNACIONAL,view
110501,ARANCELARIOS A LA IMPORTACION,normal
110503,TARIFA DE SALVAGUARDIA,normal
110599,OTROS IMPUESTOS AL COMERCIO EXTERIOR,normal
1106,A LA ACTIVIDAD HIDROCARBURIFERA,view
110601,A LA RENTA DE EMPRESAS PETROLERAS,normal
110602,A LA RENTA DE EMPRESAS PETROLERAS DE PRESTACION DE SERVICIOS,normal
110603,A LA RENTA DE EMPRESAS PETROLERAS DE CONTRATOS DE SERVICIOS,normal
110604,A LA RENTA POR VENTAS INTERNAS DE DERIVADOS DEL PETROLEO,normal
110605,ADICIONAL POR BARRIL DE CRUDO EXPORTADO,normal
110606,GRAVAMEN A LA TARIFA DE OLEODUCTO,normal
110699,OTROS IMPUESTOS A LA ACTIVIDAD HIDROCARBURIFERA,normal
1107,IMPUESTOS DIVERSOS,view
110701,A LOS CUENTA CORRENTISTAS DEL SISTEMA FINANCIERO,normal
110702,A LAS TARJETAS DE CREDITO,normal
110703,A LAS OPERACIONES DE CREDITO,normal
110704,PATENTES COMERCIALES,normal
110705,A LA SALIDA DEL PAIS,normal
110706,SOBRE CONTRATOS DE CONSTRUCCION Y/O ESTUDIOS CELEBRADOS CON,normal
110707,POR FISCALIZACION CONTRATISTAS,normal
110708,AL DESPOSTE DE GANADO,normal
110709,SOBRE REAJUSTE DE PRECIOS EN LA CONTRATACION PUBLICA,normal
110710,DE LOTERIAS Y JUEGOS DE AZAR,normal
110712,INGRESO AL PARQUE NACIONAL GALAPAGOS Y A SU RESERVA,normal
110799,OTROS IMPUESTOS,normal
1108,IMPUESTO PROVISIONAL NETO,view
110801,COBROS PROVISIONALES DEL AÑO,normal
110802,CREDITOS DECLARACION ANUAL (-),normal
110803,DEVOLUCIONES DE EXCESOS DE COBROS (-),normal
12,SEGURIDAD SOCIAL,view
1201,APORTES PARA SEGURIDAD SOCIAL,view
120101,APORTES PARA SEGURIDAD SOCIAL,normal
120102,FONDO DE RESERVA,normal
120103,APORTES DE CESANTIA,normal
120104,APORTES RIESGOS DE TRABAJO,normal
120105,APORTES COOPERATIVA MORTUARIA,normal
120106,SUBSIDIO POR ENFERMEDAD,normal
120107,APORTES AL SEGURO SOCIAL CAMPESINO,normal
120108,APORTES ATRASADOS,normal
13,TASAS Y CONTRIBUCIONES,view
1301,TASAS GENERALES,view
130101,PEAJE,normal
130102,ACCESO A LUGARES PUBLICOS,normal
130103,OCUPACION DE LUGARES PUBLICOS,normal
130104,TASAS ADUANERAS,normal
130105,USO DE INFRAESTRUCTURA AEROPORTUARIA,normal
130106,ESPECIES FISCALES,normal
130107,VENTA DE BASES,normal
130108,PRESTACION DE SERVICIOS,normal
130109,RODAJE DE VEHICULOS MOTORIZADOS,normal
130110,CONTROL Y VIGILANCIA MUNICIPAL,normal
130111,INSCRIPCIONES,normal
130112,PERMISOS,normal
130113,REGISTRO SANITARIO Y TOXICOLOGIA,normal
130114,SERVICIOS DE CAMALES,normal
130115,FISCALIZACION DE OBRAS,normal
130116,RECOLECCION DE BASURA,normal
130199,OTRAS TASAS,normal
130199,OTRAS TASAS (GESTION AMBIENTAL),normal
1302,TASAS PORTUARIAS Y AEREOPORTUARIAS,view
130201,RECEPCION Y DESPACHO DE NAVES,normal
130202,USO DE FONDEADERO,normal
130203,USO DE INFRAESTRUCTURA PORTUARIA,normal
130204,SERVICIOS DE CABOTAJE,normal
130205,TARIFAS POR SERVICIOS Y SUMINISTROS VARIOS,normal
130299,OTRAS TASAS PORTUARIAS,normal
1303,TASAS DIVERSAS,view
130301,SECTOR FINANCIERO,normal
130302,SECTOR INDUSTRIAL Y COMERCIAL,normal
130303,SECTOR AGROPECUARIO,normal
130304,SECTOR TURISTICO Y HOTELERO,normal
130305,SUPERFICIARIOS HIDROCARBURIFEROS,normal
130307,SUPERFICIARIOS MINEROS,normal
130308,REGALIAS MINERAS,normal
130309,DERECHOS CONSULARES,normal
130310,CONCESIONES AEREAS,normal
130311,CONCESIONES PORTUARIAS,normal
130312,CONCESIONES EN EL SECTOR DE LAS TELECOMUNICACIONES,normal
130313,CONCESIONES EN EL SECTOR ELECTRICO,normal
130314,CONCESIONES VIALES,normal
130315,CONCESIONES HIDROCARBURIFERAS,normal
130399,OTRAS CONCESIONES,normal
1304,CONTRIBUCIONES,view
130401,SOBRE NOMINAS DE EMPRESAS PRIVADAS Y PUBLICAS,normal
130402,POR MEJORAS URBANAS Y RURALES,normal
130403,CONTRIBUCIONES A LAS COMPAÑIAS Y LAS ENTIDADES FINANCIERAS,normal
130404,CONTRIBUCION EN CONTRATOS SUJETOS A LICITACIONES,normal
130405,SOBRE CONTRATOS DE CONSULTORIA,normal
130499,OTRAS CONTRIBUCIONES,normal
14,VENTA DE BIENES Y SERVICIOS,view
1401,VENTA DE DERIVADOS DE PETROLEO,view
140106,EXPORTACIONES DE DERIVADOS DEL PETROLEO,normal
140107,VENTAS INTERNAS DE DERIVADOS DEL PETROLEO,normal
140108,TARIFA DE TRANSPORTE DE PETROLEO POR EL SOTE,normal
140110,FONDO DE INVERSION PETROLERA,normal
140113,FONDO DE ESTABILIZACION PETROLERA,normal
140199,OTROS NO ESPECIFICADOS,normal
1402,VENTAS DE PRODUCTOS Y MATERIALES,view
140201,AGROPECUARIOS Y FORESTALES,normal
140202,INDUSTRIALES,normal
140203,DEL MAR,normal
140204,DE OFICINA,normal
140205,DE INSUMOS MEDICOS,normal
140299,OTRAS VENTAS DE PRODUCTOS Y MATERIALES,normal
1403,VENTAS NO INDUSTRIALES,view
140301,AGUA POTABLE,normal
140302,AGUA DE RIEGO,normal
140303,ALCANTARILLADO,normal
140304,ENERGIA ELECTRICA,normal
140305,TELECOMUNICACIONES,normal
140306,DE CORREOS,normal
140307,TRANSPORTE NACIONAL DE PASAJEROS Y CARGA,normal
140308,TRANSPORTE INTERNACIONAL DE PASAJEROS Y CARGA,normal
140309,OPERACIONES INTERLINEALES,normal
140310,DE ESPECTACULOS PUBLICOS,normal
140311,FINANCIEROS,normal
140312,TARJETAS VIP,normal
140399,OTROS SERVICIOS TECNICOS Y ESPECIALIZADOS,normal
1404,VENTAS DE DESECHOS Y RESIDUOS,view
140401,AGROPECUARIOS Y FORESTALES,normal
140402,INDUSTRIALES,normal
140403,DE PRODUCTOS DEL MAR,normal
1409,DEBITOS POR IMPUESTOS AL VALOR AGREGADO,view
140901,DEBITO FISCAL POR VENTAS,normal
15,APORTE FISCAL CORRIENTE,view
1501,APORTE FISCAL CORRIENTE,view
150101,DEL GOBIERNO CENTRAL,normal
17,RENTAS DE INVERSIONES Y MULTAS,view
1701,RENTAS DE INVERSIONES,view
170101,INTERESES POR DEPOSITOS A PLAZO,normal
170102,INTERESES Y COMISIONES DE TITULOS Y VALORES,normal
170103,INTERESES Y COMISIONES DE RIESGO,normal
170104,REAJUSTES DE INVERSIONES,normal
170105,DIFERENCIAL CAMBIARIO,normal
170106,DIVIDENDOS DE SOCIEDADES Y EMPRESAS PUBLICAS,normal
170107,DIVIDENDOS DE SOCIEDADES Y EMPRESAS PRIVADAS,normal
170108,UTILIDADES DE EMPRESAS Y ENTIDADES FINANCIERAS PUBLICAS,normal
170109,COMISIONES POR SERVICIOS FINANCIEROS,normal
170110,CARGOS POR OPERACIONES FINANCIERAS,normal
170111,PRIMAS POR SEGUROS DE DESGRAVAMEN Y DE SALDOS,normal
170112,DESCUENTOS OBTENIDOS EN INVERSIONES FINANCIERAS,normal
170199,INTERESES POR OTRAS OPERACIONES,normal
1702,RENTAS POR ARRENDAMIENTOS DE BIENES,view
170201,TERRENOS,normal
170202,EDIFICIOS,normal
170203,MOBILIARIOS,normal
170204,MAQUINARIAS Y EQUIPOS,normal
170205,VEHICULOS,normal
170206,HERRAMIENTAS,normal
170207,EQUIPOS,normal
170212,SEMOVIENTES,normal
170299,OTROS ARRENDAMIENTOS,normal
1703,INTERESES POR MORA,view
170301,TRIBUTARIA,normal
170302,ORDENANZAS MUNICIPALES,normal
170303,ORDENANZAS PROVINCIALES,normal
170305,OBLIGACIONES A LA SEGURIDAD SOCIAL,normal
170306,TRANSACCIONES COMERCIALES,normal
170399,OTROS INTERESES POR MORA,normal
1704,MULTAS,view
170401,TRIBUTARIAS,normal
170402,INFRACCION A ORDENANZAS MUNICIPALES,normal
170403,INFRACCION A ORDENANZAS PROVINCIALES,normal
170404,INCUMPLIMIENTOS DE CONTRATOS,normal
170405,INFRACCIONES A LA SEGURIDAD SOCIAL,normal
170406,CHEQUES PROTESTADOS,normal
170407,INFRACCIONES A LA LEY ORGANICA DE DEFENSA DEL CONSUMIDOR,normal
170499,OTRAS MULTAS,normal
18,TRANSFERENCIAS Y DONACIONES CORRIENTES,view
1801,TRANSFERENCIAS CORRIENTES DEL SECTOR PUBLICO,view
180101,GOBIERNO CENTRAL,normal
180102,ENTIDADES DESCENTRALIZADAS Y AUTONOMAS,normal
180103,EMPRESAS PUBLICAS,normal
180104,ENTIDADES DEL GOBIERNO SECCIONAL,normal
180105,SEGURIDAD SOCIAL,normal
180106,ENTIDADES FINANCIERAS PUBLICAS,normal
180108,DE CUENTAS O FONDOS ESPECIALES,normal
180109,DE FONDOS DE USO RESERVADO,normal
180110,DE FONDOS DE CONTINGENCIA,normal
1802,DONACIONES CORRIENTES DEL SECTOR PRIVADO INTERNO,view
180203,DEL SECTOR PRIVADO FINANCIERO,normal
180204,DEL SECTOR PRIVADO NO FINANCIERO,normal
1803,DONACIONES CORRIENTES DEL SECTOR EXTERNO,view
180301,DE ORGANISMOS MULTILATERALES,normal
180302,DE GOBIERNOS Y ORGANISMOS GUBERNAMENTALES,normal
180303,DEL SECTOR PRIVADO FINANCIERO,normal
180304,DEL SECTOR PRIVADO NO FINANCIERO,normal
1804,APORTES Y PARTICIPACIONES DEL SECTOR PUBLICO,view
180401,DE LA ACTIVIDAD HIDROCARBURIFERA,normal
180402,DE IMPUESTOS Y EXPORTACIONES DE CRUDO PARA UNIVERSIDADES Y ESCUEL,normal
180403,DE EMPRESAS PUBLICAS,normal
180404,DE LA PARTICIPACION EN IMPUESTOS NO PETROLEROS,normal
180405,DE PLANILLAS DE TELECOMUNICACIONES,normal
180407,DE FONDOS AJENOS,normal
180408,DE CUENTAS Y FONDOS ESPECIALES,normal
180411,RENDIMIENTOS DE LOS SISTEMAS CONTABLES DEL BANCO CENTRAL DEL ECUA,normal
180414,APORTES SOBRE DEPOSITOS DE INSTITUCIONES FINANCIERAS,normal
180415,DEPOSITOS INMOVILIZADOS EN LAS INSTITUCIONES FINANCIERAS,normal
180499,OTRAS PARTICIPACIONES Y APORTES,normal
1805,SUBSIDIOS,view
180501,DE PRECIOS DEL SECTOR PUBLICO,normal
180503,DE TARIFAS DEL SECTOR PUBLICO,normal
19,OTROS INGRESOS,view
1901,GARANTIAS Y FIANZAS,view
190101,EJECUCION DE GARANTIAS,normal
190102,EJECUCION DE FIANZAS,normal
1902,INDEMNIZACIONES Y VALORES NO RECLAMADOS,view
190201,INDEMNIZACIONES POR SINIESTROS,normal
190202,PREMIOS NO RECLAMADOS DE SORTEOS,normal
190299,OTRAS INDEMNIZACIONES Y VALORES NO RECLAMADOS,normal
1903,REMATES DE BIENES Y ESPECIES,view
190301,BIENES Y ESPECIES INSTITUCIONALES Y DECOMISADAS,normal
1904,OTROS NO OPERACIONALES,view
190401,COMISIONES,normal
190403,PRIMA DE RIESGO DE INSTITUCIONES FINANCIERAS,normal
190499,OTROS NO ESPECIFICADOS,normal
2,INGRESOS DE CAPITAL,view
24,VENTA DE ACTIVOS NO FINANCIEROS,view
2401,BIENES MUEBLES,view
240103,MOBILIARIOS,normal
240104,MAQUINARIAS Y EQUIPOS,normal
240105,VEHICULOS,normal
240106,HERRAMIENTAS,normal
240107,EQUIPOS,normal
240108,BIENES ARTISTICOS Y CULTURALES,normal
240109,LIBROS Y COLECCIONES,normal
2402,BIENES INMUEBLES Y SEMOVIENTES,view
240201,TERRENOS,normal
240202,EDIFICIOS,normal
240212,SEMOVIENTES,normal
240213,BOSQUES,normal
240299,OTROS BIENES INMUEBLES,normal
2404,INTANGIBLES,view
240401,INTANGIBLES,normal
2405,EXPORTACIONES DE PETROLEO CRUDO,view
240501,EXPORTACIONES DE PETROLEO DE PETROECUADOR EX-CONSORCIO,normal
240502,EXPORTACIONES DE PETROLEO DE NORORIENTE,normal
240503,EXPORTACIONES DE PETROLEO DE PRESTACION DE SERVICIOS,normal
240504,EXPORTACIONES DE PETROLEO DE REGALIAS,normal
240506,EXPORTACIONES DE PETROLEO DE CONTRATOS DE PARTICIPACION,normal
240507,EXPORTACIONES DE PETROLEO DE CONTRATOS DE CAMPOS MARGINALES,normal
240508,EXPORTACIONES DE PETROLEO DE ALIANZAS OPERATIVAS,normal
240509,EXPORTACIONES DE PETROLEO POR DIFERENCIAL DE CALIDAD,normal
240510,EXPORTACIONES DE PETROLEOS PESADOS,normal
240511,EXPORTACIONES DE PETROLEO DE CONTRATOS DE SERVICIOS ESPECIFICOS,normal
240599,OTROS NO ESPECIFICADOS,normal
25,APORTE FISCAL DE CAPITAL,view
2501,APORTE FISCAL DE CAPITAL,view
250101,DEL GOBIERNO CENTRAL,normal
27,RECUPERACION DE INVERSIONES,view
2701,RECUPERACION DE INVERSIONES EN TITULOS Y VALORES,view
270101,CERTIFICADOS DEL TESORO NACIONAL,normal
270102,BONOS DEL ESTADO,normal
270103,DEPOSITOS A PLAZO,normal
270104,VENTA DE ACCIONES Y PARTICIPACIONES DE CAPITAL,normal
270107,RECUPERACION EN PARTICIPACIONES FIDUCIARIAS,normal
270199,OTRAS INVERSIONES,normal
2702,RECUPERACION DE PRESTAMOS,view
270201,GOBIERNO CENTRAL,normal
270202,ENTIDADES DESCENTRALIZADAS Y AUTONOMAS,normal
270203,EMPRESAS PUBLICAS,normal
270204,ENTIDADES DEL GOBIERNO SECCIONAL,normal
270205,SEGURIDAD SOCIAL,normal
270206,ENTIDADES FINANCIERAS PUBLICAS,normal
270207,SECTOR PRIVADO,normal
2703,RECUPERACION DE INVERSIONES PERMANENTES EN TITULOS Y VALORES,view
270304,VENTA DE ACCIONES,normal
28,TRANSFERENCIAS Y DONACIONES DE CAPITAL,view
2801,TRANSFERENCIAS DE CAPITAL DEL SECTOR PUBLICO,view
280101,DEL GOBIERNO CENTRAL (COOTAD),normal
280101,DEL GOBIERNO CENTRAL (BEDE FONDEPRO 2009),normal
280101,DEL GOBIERNO CENTRAL (RELIQUIDACION ASIGNACION 2009),normal
280101,DEL GOBIERNO CENTRAL (TRANSFERENCIA DE COMPETENCIAS DE RIGO),normal
280101,DEL GOBIERNO CENTRAL,normal
280101,DEL GOBIERNO CENTRAL (BEDE FONDEPRO 2009),normal
280101,DEL GOBIERNO CENTRAL (EMERGENCIA VIAL),normal
280101,DEL GOBIERNO CENTRAL (TRANSFERENCIA DE COMPETENCIAS DE RIEGO ADM,normal
280102,DE ENTIDADES DESCENTRALIZADAS Y AUTONOMAS (MUNICIPIOS),normal
280102,DE ENTIDADES DESCENTRALIZADAS Y AUTONOMAS (JUNTAS PARROQUIALES),normal
280102,DE ENTIDADES DESCENTRALIZADAS Y AUTONOMAS,normal
280102,DE ENTIDADES DESCENTRALIZADAS Y AUTONOMAS (GOB PROVINCIALES),normal
280102,DE ENTIDADES DESCENTRALIZADAS Y AUTONOMAS (APORTES JP A UNA VIA),normal
280103,DE EMPRESAS PUBLICAS (CELEC PROYECTOS VIALES),normal
280103,DE EMPRESAS PUBLICAS (CELEC PARA PROYECTOS DE GESTION AMBIENTAL),normal
280103,DE EMPRESAS PUBLICAS,normal
280104,DE ENTIDADES DEL GOBIERNO AUTONOMO DESCENTRALIZADO,normal
280105,DE LA SEGURIDAD SOCIAL,normal
280106,DE ENTIDADES FINANCIERAS PUBLICAS,normal
280106,DE ENTIDADES FINANCIERAS PUBLICAS (BEDE SEC DE RIESGOS),normal
280106,DE ENTIDADES FINANCIERAS PUBLICAS (CONVENIOS VARIOS),normal
280108,DE CUENTAS O FONDOS ESPECIALES (OTROS),normal
280108,DE CUENTAS O FONDOS ESPECIALES (CGPAUTE),normal
280108,DE CUENTAS O FONDOS ESPECIALES (PROFORESTAL),normal
280108,DE CUENTAS O FONDOS ESPECIALES (VARIOS),normal
280108,DE CUENTAS O FONDOS ESPECIALES,normal
280110,DE FONDOS DE CONTINGENCIA,normal
2802,DONACIONES DE CAPITAL DEL SECTOR PRIVADO INTERNO,view
280203,DEL SECTOR PRIVADO FINANCIERO,normal
280204,DEL SECTOR PRIVADO NO FINANCIERO,normal
280204,DEL SECTOR PRIVADO NO FINANCIERO (BELLARICA),normal
280204,DEL SECTOR PRIVADO NO FINANCIERO (UNIFEM),normal
280204,DEL SECTOR PRIVADO NO FINANCIERO (APORTES A UNA VIA),normal
2803,DONACIONES DE CAPITAL DEL SECTOR EXTERNO,view
280301,DE ORGANISMOS MULTILATERALES (CAF),normal
280301,DE ORGANISMOS MULTILATERALES (CAF ESTUDIOS),normal
280301,DE ORGANISMOS MULTILATERALES (ARPENUD),normal
280301,DE ORGANISMOS MULTILATERALES (BID),normal
280301,DE ORGANISMOS MULTILATERALES,normal
280302,DE GOBIERNOS Y ORGANISMOS GUBERNAMENTALES,normal
280303,DEL SECTOR PRIVADO FINANCIERO,normal
280304,DEL SECTOR PRIVADO NO FINANCIERO,normal
2804,APORTES Y PARTICIPACIONES DEL SECTOR PUBLICO,view
280401,DEL FONDO DE INVERSION PETROLERA,normal
280402,DE EXPORTACION DE HIDROCARBUROS Y DERIVADOS,normal
280408,DE CUENTAS Y FONDOS ESPECIALES,normal
280499,OTRAS PARTICIPACIONES Y APORTES,normal
3,INGRESOS DE FINANCIAMIENTO,view
36,FINANCIAMIENTO PUBLICO,view
3601,COLOCACION DE TITULOS Y VALORES,view
360101,CERTIFICADOS DEL TESORO NACIONAL,normal
360102,BONOS DEL ESTADO,normal
360199,OTROS TITULOS Y VALORES,normal
3602,FINANCIAMIENTO PUBLICO INTERNO,view
360201,DEL SECTOR PUBLICO FINANCIERO,normal
360201,DEL SECTOR PUBLICO FINANCIERO (BEDE SEC DE RIESGOS),normal
360201,DEL SECTOR PUBLICO FINANCIERO (BEDE),normal
360202,DEL SECTOR PUBLICO NO FINANCIERO,normal
360203,DEL SECTOR PRIVADO FINANCIERO,normal
360203,DEL SECTOR PRIVADO FINANCIERO (LINEA DE CREDITO),normal
360204,DEL SECTOR PRIVADO NO FINANCIERO,normal
360205,DE LA SEGURIDAD SOCIAL,normal
3603,FINANCIAMIENTO PUBLICO EXTERNO,view
360301,DE ORGANISMOS MULTILATERALES,normal
360302,DE GOBIERNOS Y ORGANISMOS GUBERNAMENTALES,normal
360303,DEL SECTOR PRIVADO FINANCIERO,normal
360304,DEL SECTOR PRIVADO NO FINANCIERO,normal
3604,PRIMAS Y DESCUENTOS EN TITULOS Y VALORES,view
360401,PRIMAS Y DESCUENTOS EN CERTIFICADOS DE TESORERIA,normal
360402,PRIMAS Y DESCUENTOS EN BONOS DEL ESTADO,normal
3605,SALDOS PENDIENTES POR COBRAR,view
360501,DE CUENTAS POR COBRAR,normal
360502,DE ANTICIPOS DE FONDOS,normal
37,FINANCIAMIENTO INTERNO,view
3701,SALDOS EN CAJA Y BANCOS,view
370101,DE FONDOS GOBIERNO CENTRAL,normal
370102,DE FONDOS DE AUTOGESTION,normal
370199,OTROS SALDOS,normal
38,CUENTAS PENDIENTES POR COBRAR,view
3801,CUENTAS PENDIENTES POR COBRAR,view
380101,DE CUENTAS POR COBRAR,normal
380102,DE ANTICIPO DE FONDOS,normal
380103,ANTICIPOS POR DEVENGAR DE EJERCICIOS ANTERIORES CONSTRUCCION OBRA,normal
380105,ANTICIPOS POR DEVENGAR DE EJERCICIOS ANTERIORES COMPRA DE B S,normal
5,GASTOS CORRIENTES,view
51,GASTOS EN PERSONAL,view
5101,REMUNERACIONES BASICAS,view
510101,SUELDOS,normal
510102,SALARIOS,normal
510103,JORNALES,normal
510105,REMUNERACIONES UNIFICADAS,normal
510106,SALARIOS UNIFICADOS,normal
5102,REMUNERACIONES COMPLEMENTARIAS,view
510201,BONIFICACION POR AÑOS DE SERVICIO,normal
510202,BONIFICACION POR RESPONSABILIDAD,normal
510203,DECIMOTERCER SUELDO,normal
510204,DECIMOCUARTO SUELDO,normal
510205,DECIMOQUINTO SUELDO,normal
510206,DECIMOSEXTO SUELDO,normal
510207,BONIFICACION COMPLEMENTARIA,normal
510208,BONIFICACION TITULO ACADEMICO,normal
510209,GASTOS DE REPRESENTACION,normal
510210,SOBRESUELDOS Y BONIFICACIONES ADICIONALES,normal
510211,ESTIMULO PECUNIARIO,normal
510212,BONIFICACION DE ANIVERSARIO,normal
510213,AGUINALDO NAVIDEÑO,normal
510214,PORCENTAJE FUNCIONAL,normal
510215,ADICIONAL SOBRE LA DECIMA CATEGORIA,normal
510216,ESTIMULO ECONOMICO MAGISTERIO,normal
510218,BONIFICACION MENSUAL GALAPAGOS,normal
510219,ADICIONAL REGIMEN ESPECIAL GALAPAGOS,normal
510220,BONIFICACION FRONTERIZA,normal
510223,BONIFICACION POR EL DIA DEL MEDICO,normal
510224,BONIFICACION POR EL DIA MUNDIAL DE LA SALUD,normal
510225,BONIFICACION PARA LOS PROFESIONALES DE LA SALUD,normal
510227,ADICIONAL REGION AMAZONICA,normal
510228,REMUNERACION SUPLEMENTARIA GALAPAGOS,normal
510229,ACTIVIDAD EXTRACURRICULAR GALAPAGOS,normal
510230,BONIFICACION POR EL DIA DEL MAESTRO,normal
510231,BONIFICACION POR EL DIA DEL SERVIDOR PUBLICO,normal
510232,BONIFICACION PARA EDUCADORES COMUNITARIOS,normal
510233,BONIFICACION PARA PROFESIONALES AMPARADOS O NO POR LEYES DE ESCAL,normal
510235,REMUNERACION VARIABLE POR EFICIENCIA,normal
5103,REMUNERACIONES COMPENSATORIAS,view
510301,GASTOS DE RESIDENCIA,normal
510302,SUBSIDIO POR CIRCUNSTANCIAS GEOGRAFICAS,normal
510303,COMPENSACION POR COSTO DE VIDA,normal
510304,COMPENSACION POR TRANSPORTE,normal
510305,COMPENSACION EN EL EXTERIOR,normal
510306,REFRIGERIO,normal
510307,COMISARIATO,normal
510308,COMPENSACION PEDAGOGICA,normal
510309,COMPENSACION POR TRABAJO DE ALTO RIESGO,normal
510310,SUBSIDIO PROFESORES ESCUELAS REGIONES AMAZONICAS E INSULAR,normal
5104,SUBSIDIOS,view
510401,POR CARGAS FAMILIARES,normal
510402,DE EDUCACION,normal
510405,POR GUARDERIA,normal
510406,POR VACACIONES,normal
510407,ESTIMULO ECONOMICO POR AÑOS DE SERVICIO,normal
510408,SUBSIDIO DE ANTIGUEDAD,normal
510499,OTROS SUBSIDIOS,normal
5105,REMUNERACIONES TEMPORALES,view
510501,SUELDOS,normal
510503,JORNALES,normal
510504,ENCARGOS Y SUBROGACIONES,normal
510505,SUSTITUCIONES DE PERSONAL,normal
510506,LICENCIA REMUNERADA,normal
510507,HONORARIOS,normal
510508,DIETAS,normal
510509,HORAS EXTRAORDINARIAS Y SUPLEMENTARIAS,normal
510510,SERVICIOS PERSONALES POR CONTRATO,normal
510511,REMUNERACIONES ESPECIALES SECCION NOCTURNA,normal
510512,SUBROGACION,normal
510513,ENCARGOS,normal
5106,APORTES PATRONALES A LA SEGURIDAD SOCIAL,view
510601,APORTE PATRONAL,normal
510602,FONDO DE RESERVA,normal
510603,JUBILACION PATRONAL,normal
510604,CESANTIA PRIVADA,normal
510605,JUBILACION PRIVADA,normal
5107,INDEMNIZACIONES,view
510701,COMPENSACION POR RENUNCIA VOLUNTARIA,normal
510702,SUPRESION DE PUESTO,normal
510703,DESPIDO INTEMPESTIVO,normal
510704,COMPENSACION POR DESAHUCIO,normal
510705,RESTITUCION DE PUESTO,normal
510706,POR JUBILACION,normal
510707,COMPENSACION POR VACACIONES NO GOZADAS POR CESACION DE FUNCIONES,normal
510710,POR COMPRA DE RENUNCIA,normal
510799,OTRA INDEMNIZACIONES LABORALES,normal
5199,ASIGNACIONES A DISTRIBUIR,view
519901,ASIGNACION A DISTRIBUIR EN GASTOS EN PERSONAL,normal
52,PRESTACIONES DE LA SEGURIDAD SOCIAL,view
5201,PRESTACIONES,view
520101,PENSIONES,normal
520102,SEGURO SOCIAL CAMPESINO,normal
520103,SEGURO DE ENFERMEDAD Y MATERNIDAD,normal
520104,SEGURO Y COOPERATIVA MORTUORIA,normal
520105,SEGURO DE CESANTIA,normal
520106,SEGURO DE VIDA Y RIESGOS PROFESIONALES,normal
520107,FONDO DE VIVIENDA,normal
520108,FONDO DE CONTINGENCIAS,normal
520109,FONDO DE RESERVA,normal
520111,PENSIONES DE JUBILACION PATRONAL,normal
520199,OTROS GASTOS,normal
5299,ASIGNACIONES A DISTRIBUIR,view
529901,ASIGNACION A DISTRIBUIR PARA PRESTACIONES DE LA SEGURIDAD SOCIAL,normal
53,BIENES Y SERVICIOS DE CONSUMO,view
5301,SERVICIOS BASICOS,view
530101,AGUA POTABLE,normal
530102,AGUA DE RIEGO,normal
530104,ENERGIA ELECTRICA,normal
530105,TELECOMUNICACIONES,normal
530106,SERVICIO DE CORREO,normal
5302,SERVICIOS GENERALES,view
530201,TRANSPORTE DE PERSONAL,normal
530202,FLETES Y MANIOBRAS,normal
530203,ALMACENAMIENTO,normal
530204,EDICION,normal
530205,ESPECTACULOS CULTURALES Y SOCIALES,normal
530206,EVENTOS PUBLICOS Y OFICIALES,normal
530207,DIFUSION,normal
530208,SERVICIO DE VIGILANCIA,normal
530209,SERVICIO DE ASEO,normal
530210,SERVICIO DE GUARDERIA,normal
530299,OTROS SERVICIOS GENERALES,normal
5303,TRASLADOS,view
530301,PASAJES AL INTERIOR,normal
530302,PASAJES AL EXTERIOR,normal
530303,VIATICOS Y SUBSISTENCIAS EN EL INTERIOR,normal
530304,VIATICOS Y SUBSISTENCIAS EN EL EXTERIOR,normal
530305,MUDANZAS E INSTALACION,normal
5304,INSTALACION,view
530401,TERRENOS,normal
530402,EDIFICIOS,normal
530403,MOBILIARIOS,normal
530404,MAQUINARIAS Y EQUIPOS,normal
530405,VEHICULOS,normal
530406,HERRAMIENTAS,normal
530408,BIENES ARTISTICOS Y CULTURALES,normal
530409,LIBROS Y COLECCIONES,normal
530410,BIENES DE USO BELICO Y DE SEGURIDAD PUBLICA,normal
530499,OTRAS INSTALACIONES,normal
5305,ARRENDAMIENTOS DE BIENES,view
530501,TERRENOS,normal
530502,EDIFICIOS,normal
530503,MOBILIARIOS,normal
530504,MAQUINARIAS Y EQUIPOS,normal
530505,VEHICULOS,normal
530506,HERRAMIENTAS,normal
530512,SEMOVIENTES,normal
530599,OTROS ARRENDAMIENTOS,normal
5306,CONTRATACIONES DE ESTUDIOS E INVESTIGACIONES,view
530601,CONSULTORIA,normal
530602,SERVICIO DE AUDITORIA,normal
530603,SERVICIO DE CAPACITACION,normal
530604,FISCALIZACION E INSPECCIONES TECNICAS,normal
530605,ESTUDIO Y DISEÑO DE PROYECTOS,normal
530606,HONORARIOS POR CONTRATOS CIVILES DE SERVICIOS,normal
5307,GASTOS EN INFORMATICA,view
530701,DESARROLLO DE SISTEMAS INFORMATICOS,normal
530702,ARRENDAMIENTO Y LICENCIAS DE USO DE PAQUETES INFORMATICOS,normal
530703,ARRENDAMIENTO DE EQUIPOS INFORMATICOS,normal
530704,MANTENIMIENTO Y REPARACION DE EQUIPOS Y SISTEMAS INFORMATICOS,normal
5308,BIENES DE USO Y CONSUMO CORRIENTE,view
530801,ALIMENTOS Y BEBIDAS,normal
530802,VESTUARIO,normal
530803,COMBUSTIBLES Y LUBRICANTES,normal
530804,MATERIALES DE OFICINA,normal
530805,MATERIALES DE ASEO,normal
530806,HERRAMIENTAS,normal
530807,MATERIALES DE IMPRESION,normal
530808,INSTRUMENTAL MEDICO MENOR,normal
530809,MEDICINAS Y PRODUCTOS FARMACEUTICOS,normal
530810,MATERIALES PARA LABORATORIO Y USO MEDICO,normal
530811,MATERIALES DE CONSTRUCCION,normal
530812,MATERIALES DIDACTICOS,normal
530813,REPUESTOS Y ACCESORIOS,normal
530814,SUMINISTROS PARA ACTIVIDADES AGROPECUARIAS,normal
530899,OTROS DE USO Y CONSUMO,normal
5309,CREDITO POR IMPUESTO AL VALOR AGREGADO,view
530901,CREDITO FISCAL POR COMPRAS,normal
5310,PERTRECHOS PARA LA DEFENSA Y SEGURIDAD PUBLICA,view
531001,LOGISTICA,normal
531002,SUMINISTROS PARA LA DEFENSA Y SEGURIDAD PUBLICA,normal
5314,BIENES MUEBLES NO DEPRECIABLES,view
531403,MOBILIARIOS,normal
531404,MAQUINARIAS Y EQUIPOS,normal
5399,ASIGNACIONES A DISTRIBUIR,view
539901,ASIGNACION A DISTRIBUIR PARA BIENES Y SERVICIOS DE CONSUMO,normal
55,APORTE FISCAL CORRIENTE,view
5501,APORTE FISCAL CORRIENTE,view
550101,AL GOBIERNO CENTRAL,normal
56,GASTOS FINANCIEROS,view
5601,TITULOS Y VALORES EN CIRCULACION,view
560101,INTERESES EN CERTIFICADOS DEL TESORO,normal
560102,INTERESES POR BONOS DEL ESTADO,normal
560106,DESCUENTOS,normal
560199,INTERESES OTROS TITULOS Y VALORES,normal
5602,INTERESES DE LA DEUDA PUBLICA INTERNA,view
560201,SECTOR PUBLICO FINANCIERO,normal
560202,SECTOR PUBLICO NO FINANCIERO,normal
560203,SECTOR PRIVADO FINANCIERO,normal
560204,SECTOR PRIVADO NO FINANCIERO,normal
560205,SEGURIDAD SOCIAL,normal
560206,COMISIONES Y OTROS CARGOS,normal
5603,INTERESES DE LA DEUDA PUBLICA EXTERNA,view
560301,A ORGANISMOS MULTILATERALES,normal
560302,A GOBIERNOS Y ORGANISMOS GUBERNAMENTALES,normal
560303,AL SECTOR PRIVADO FINANCIERO,normal
560304,AL SECTOR PRIVADO NO FINANCIERO,normal
560306,COMISIONES Y OTROS CARGOS,normal
5699,ASIGNACIONES A DISTRIBUIR,view
569901,ASIGNACION A DISTRIBUIR PARA GASTOS FINANCIEROS,normal
57,OTROS GASTOS,view
5701,IMPUESTOS,view
570101,IMPUESTO AL VALOR AGREGADO,normal
570102,TASAS GENERALES,normal
570103,TASAS PORTUARIAS,normal
570104,CONTRIBUCIONES ESPECIALES Y DE MEJORA,normal
570199,OTROS IMPUESTOS,normal
5702,SEGUROS,view
570201,SEGUROS,normal
570202,SEGUROS DE DESGRAVAMEN Y DE SALDOS,normal
570203,COMISIONES BANCARIAS,normal
570204,REAJUSTES DE INVERSIONES,normal
570205,DIFERENCIAL CAMBIARIO,normal
570206,COSTAS JUDICIALES,normal
570207,COMISIONES Y PARTICIPACIONES POR DENUNCIAS,normal
570211,PRIMA DE RIESGO DE INSTITUCIONES FINANCIERAS,normal
570213,DEVOLUCION DE GARANTIAS,normal
570214,DEVOLUCION DE FIANZAS,normal
570299,OTROS GASTOS FINANCIEROS,normal
5703,DIETAS,view
570301,DIETAS,normal
5799,ASIGNACIONES A DISTRIBUIR,view
579901,ASIGNACION A DISTRIBUIR PARA OTROS GASTOS CORRIENTES,normal
58,TRANSFERENCIAS CORRIENTES,view
5801,TRANSFERENCIAS CORRIENTES AL SECTOR PUBLICO,view
580101,AL GOBIERNO CENTRAL,normal
580102,A ENTIDADES DESCENTRALIZADAS Y AUTONOMAS,normal
580103,A EMPRESAS PUBLICAS,normal
580104,A ENTIDADES DEL GOBIERNO SECCIONAL,normal
580105,A LA SEGURIDAD SOCIAL,normal
580106,A ENTIDADES FINANCIERAS PUBLICAS,normal
580108,A CUENTAS O FONDOS ESPECIALES,normal
580109,A FONDOS DE USO RESERVADO,normal
580110,A FONDO DE CONTINGENCIAS,normal
5802,TRANSFERENCIAS CORRIENTES AL SECTOR PRIVADO INTERNO,view
580203,AL SECTOR PRIVADO FINANCIERO,normal
580204,AL SECTOR PRIVADO NO FINANCIERO,normal
580205,INDEMNIZACIONES POR AFECTACIONES A LOS DERECHOS HUMANOS,normal
580206,APORTE A FAVOR DE LOS ALUMNOS MAESTROS DE LOS INSTITUTOS PEDAGOGI,normal
5803,TRANSFERENCIAS CORRIENTES AL SECTOR EXTERNO,view
580301,A ORGANISMOS MULTILATERALES,normal
580302,A GOBIERNOS Y ORGANISMOS GUBERNAMENTALES,normal
580303,AL SECTOR PRIVADO FINANCIERO,normal
580304,AL SECTOR PRIVADO NO FINANCIERO,normal
5804,APORTES Y PARTICIPACIONES AL SECTOR PUBLICO,view
580401,POR EXPORTACION DE HIDROCARBUROS Y DERIVADOS,normal
580402,POR IMPUESTOS Y EXPORTACIONES DE CRUDO PARA UNIVERSIDADES Y ESCUE,normal
580403,PARA EMPRESAS PUBLICAS,normal
580404,POR PLANILLAS DE TELECOMUNICACIONES,normal
580405,PARA FINANCIAMIENTO DE LA ADMINISTRACION DE LA SEGURIDAD SOCIAL,normal
580407,POR APLICACION DE FONDOS AJENOS,normal
580408,POR APLICACION DE CUENTAS Y FONDOS ESPECIALES,normal
580411,RENDIMIENTOS DE LOS SISTEMAS CONTABLES DEL BANCO CENTRAL DEL ECUA,normal
580414,APORTES SOBRE DEPOSITOS DE INSTITUCIONES FINANCIERAS,normal
580415,ENTREGA DE DEPOSITOS INMOVILIZADOS,normal
580499,OTRAS PARTICIPACIONES,normal
5805,SUBSIDIOS,view
580501,DE PRECIOS A ENTES PUBLICOS,normal
580502,DE PRECIOS A ENTES PRIVADOS,normal
580503,DE TARIFAS A ENTES PUBLICOS,normal
580504,DE TARIFAS A ENTES PRIVADOS,normal
580505,SUBSIDIO A LA VIVIENDA,normal
580506,BONO DE SOLIDARIDAD,normal
580599,OTROS SUBSIDIOS,normal
5899,ASIGNACIONES A DISTRIBUIR,view
59,PREVISIONES PARA REASIGNACION,view
5901,ASIGNACIONES A DISTRIBUIR,view
6,GASTOS DE PRODUCCION,view
61,GASTOS EN PERSONAL DE PRODUCCION,view
6101,REMUNERACIONES BASICAS,view
610101,SUELDOS,normal
610102,SALARIOS,normal
610103,JORNALES,normal
610105,REMUNERACIONES UNIFICADAS,normal
610106,SALARIOS UNIFICADOS,normal
6102,REMUNERACIONES COMPLEMENTARIAS,view
610201,BONIFICACION POR AÑOS DE SERVICIO,normal
610202,BONIFICACION POR RESPONSABILIDAD,normal
610203,DECIMOTERCER SUELDO,normal
610204,DECIMOCUARTO SUELDO,normal
610205,DECIMOQUINTO SUELDO,normal
610206,DECIMOSEXTO SUELDO,normal
610207,BONIFICACION COMPLEMENTARIA,normal
610208,BONIFICACION TITULO ACADEMICO,normal
610209,GASTOS DE REPRESENTACION,normal
610210,SOBRESUELDOS Y BONIFICACIONES ADICIONALES,normal
610211,ESTIMULO PECUNIARIO,normal
610212,BONIFICACION DE ANIVERSARIO,normal
610213,AGUINALDO NAVIDEÑO,normal
610217,BONIFICACION POR MILLAJE,normal
610218,BONIFICACION MENSUAL GALAPAGOS,normal
610219,ADICIONAL REGIMEN ESPECIAL GALAPAGOS,normal
610220,BONIFICACION FRONTERIZA,normal
610223,BONIFICACION POR EL DIA DEL MEDICO,normal
610224,BONIFICACION POR EL DIA MUNDIAL DE LA SALUD,normal
610225,BONIFICACION PARA LOS PROFESIONALES DE LA SALUD,normal
610227,ADICIONAL REGION AMAZONICA,normal
610228,REMUNERACION SUPLEMENTARIA GALAPAGOS,normal
610229,ACTIVIDAD EXTRACURRICULAR GALAPAGOS,normal
610230,BONIFICACION POR EL DIA DEL MAESTRO,normal
610231,BONIFICACION POR EL DIA DEL SERVIDOR PUBLICO,normal
610232,BONIFICACION PARA EDUCADORES COMUNITARIOS,normal
610233,BONIFICACION PARA PROFESIONALES AMPARADOS O NO POR LEYES DE ESCAL,normal
6103,REMUNERACIONES COMPENSATORIAS,view
610301,GASTOS DE RESIDENCIA,normal
610302,SUBSIDIO POR CIRCUNSTANCIAS GEOGRAFICAS,normal
610303,COMPENSACION POR COSTO DE VIDA,normal
610304,COMPENSACION POR TRANSPORTE,normal
610305,COMPENSACION EN EL EXTERIOR,normal
610306,REFRIGERIO,normal
610307,COMISARIATO,normal
610309,COMPENSACION POR TRABAJO DE ALTO RIESGO,normal
6104,SUBSIDIOS,view
610401,POR CARGAS FAMILIARES,normal
610402,DE EDUCACION,normal
610403,POR MATERNIDAD,normal
610404,POR FALLECIMIENTO,normal
610405,POR GUARDERIA,normal
610406,POR VACACIONES,normal
610407,ESTIMULO ECONOMICO POR AÑOS DE SERVICIO,normal
610499,OTROS SUBSIDIOS,normal
6105,REMUNERACIONES TEMPORALES,view
610501,SUELDOS,normal
610503,JORNALES,normal
610504,ENCARGOS Y SUBROGACIONES,normal
610506,LICENCIA REMUNERADA,normal
610507,HONORARIOS,normal
610508,DIETAS,normal
610509,HORAS EXTRAORDINARIAS Y SUPLEMENTARIAS,normal
610510,SERVICIOS PERSONALES POR CONTRATO,normal
6106,APORTES PATRONALES A LA SEGURIDAD SOCIAL,view
610601,APORTE PATRONAL,normal
610602,FONDO DE RESERVA,normal
610603,JUBILACION PATRONAL,normal
610604,CESANTIA PRIVADA,normal
610605,JUBILACION PRIVADA,normal
6107,INDEMNIZACIONES,view
610701,COMPENSACION POR RENUNCIA VOLUNTARIA,normal
610702,SUPRESION DE PUESTO,normal
610703,DESPIDO INTEMPESTIVO,normal
610704,COMPENSACION POR DESAHUCIO,normal
610705,RESTITUCION DE PUESTO,normal
610706,POR JUBILACION,normal
610799,OTRAS INDEMNIZACIONES LABORALES,normal
6199,ASIGNACIONES A DISTRIBUIR,view
619901,ASIGNACION A DISTRIBUIR PARA OTROS GASTOS CORRIENTES,normal
63,BIENES Y SERVICIOS DE PRODUCCION,view
6301,SERVICIOS BASICOS,view
630101,AGUA POTABLE,normal
630102,AGUA DE RIEGO,normal
630104,ENERGIA ELECTRICA,normal
630105,TELECOMUNICACIONES,normal
630106,SERVICIO DE CORREO,normal
6302,SERVICIOS GENERALES,view
630201,TRANSPORTE DE PERSONAL,normal
630202,FLETES Y MANIOBRAS,normal
630203,ALMACENAMIENTO,normal
630204,EDICION,normal
630207,DIFUSION,normal
630208,SERVICIO DE VIGILANCIA,normal
630209,SERVICIO DE ASEO,normal
630210,SERVICIO DE GUARDERIA,normal
630212,INVESTIGACIONES PROFESIONALES Y EXAMENES DE LABORATORIO,normal
630299,OTROS SERVICIOS,normal
6303,TRASLADOS,view
630301,PASAJES AL INTERIOR,normal
630302,PASAJES AL EXTERIOR,normal
630303,VIATICOS Y SUBSISTENCIAS EN EL INTERIOR,normal
630304,VIATICOS Y SUBSISTENCIAS EN EL EXTERIOR,normal
630305,MUDANZAS E INSTALACION,normal
6304,INSTALACION,view
630401,TERRENOS,normal
630402,EDIFICIOS,normal
630403,MOBILIARIOS,normal
630404,MAQUINARIAS Y EQUIPOS,normal
630405,VEHICULOS,normal
630406,HERRAMIENTAS,normal
630499,OTRAS INSTALACIONES,normal
6305,ARRENDAMIENTOS DE BIENES,view
630501,TERRENOS,normal
630502,EDIFICIOS,normal
630503,MOBILIARIOS,normal
630504,MAQUINARIAS Y EQUIPOS,normal
630505,VEHICULOS,normal
630506,HERRAMIENTAS,normal
630512,SEMOVIENTES,normal
630599,OTROS ARRENDAMIENTOS,normal
6306,CONTRATACIONES DE ESTUDIOS E INVESTIGACIONES,view
630601,CONSULTORIA,normal
630602,SERVICIO DE AUDITORIA,normal
630603,SERVICIO DE CAPACITACION,normal
630604,FISCALIZACION E INSPECCIONES TECNICAS,normal
630605,ESTUDIO Y DISEÑO DE PROYECTOS,normal
6307,GASTOS EN INFORMATICA,view
630701,DESARROLLO DE SISTEMAS INFORMATICOS,normal
630702,ARRENDAMIENTO Y LICENCIAS DE USO DE PAQUETES INFORMATICOS,normal
630703,ARRENDAMIENTO DE EQUIPOS INFORMATICOS,normal
630704,MANTENIMIENTO Y REPARACION DE EQUIPOS Y SISTEMAS INFORMATICOS,normal
6308,BIENES DE USO Y CONSUMO DE PRODUCCION,view
630801,ALIMENTOS Y BEBIDAS,normal
630802,VESTUARIO,normal
630803,COMBUSTIBLES Y LUBRICANTES,normal
630804,MATERIALES DE OFICINA,normal
630805,MATERIALES DE ASEO,normal
630806,HERRAMIENTAS,normal
630807,MATERIALES DE IMPRESION,normal
630808,INSTRUMENTAL MEDICO MENOR,normal
630809,MEDICINAS Y PRODUCTOS FARMACEUTICOS,normal
630810,MATERIALES PARA LABORATORIO Y USO MEDICO,normal
630811,MATERIALES DE CONSTRUCCION,normal
630812,MATERIALES DIDACTICOS,normal
630813,REPUESTOS Y ACCESORIOS,normal
630899,OTROS DE USO Y CONSUMO DE PRODUCCION,normal
6309,CREDITOS POR IMPUESTO AL VALOR AGREGADO,view
630901,CREDITO FISCAL POR COMPRAS,normal
6310,ADQUISICIONES DE MATERIAS PRIMAS,view
631001,AGROPECUARIOS,normal
631002,QUIMICOS E INDUSTRIALES,normal
631003,MINEROS,normal
631099,OTRAS MATERIAS PRIMAS,normal
6311,ADQUISICIONES DE PRODUCTOS SEMIELABORADOS,view
631101,AGROPECUARIOS,normal
631102,QUIMICOS E INDUSTRIALES,normal
631199,OTROS PRODUCTOS SEMIELABORADOS,normal
6312,ADQUISICIONES DE PRODUCTOS TERMINADOS,view
631201,AGROPECUARIOS,normal
631202,QUIMICOS E INDUSTRIALES,normal
631299,OTROS PRODUCTOS TERMINADOS,normal
6399,ASIGNACIONES A DISTRIBUIR,view
639901,ASIGNACION A DISTRIBUIR PARA BIENES Y SERVICIOS DE PRODUCCION,normal
67,OTROS GASTOS DE PRODUCCION,view
6701,IMPUESTOS,view
670101,IMPUESTO AL VALOR AGREGADO,normal
670102,TASAS GENERALES,normal
670103,TASAS PORTUARIAS,normal
670104,CONTRIBUCIONES ESPECIALES Y DE MEJORA,normal
670199,OTROS IMPUESTOS,normal
6702,SEGUROS,view
670201,SEGUROS,normal
670299,OTROS GASTOS FINANCIEROS,normal
6799,ASIGNACIONES A DISTRIBUIR,view
679901,ASIGNACION A DISTRIBUIR PARA OTROS GASTOS DE PRODUCCION,normal
7,GASTOS DE INVERSION,view
71,GASTOS EN PERSONAL PARA INVERSION,view
7101,REMUNERACIONES BASICAS,view
710101,SUELDOS,normal
710102,SALARIOS,normal
710103,JORNALES,normal
710105,REMUNERACIONES UNIFICADAS,normal
710106,SALARIOS UNIFICADOS,normal
7102,REMUNERACIONES COMPLEMENTARIAS,view
710201,BONIFICACION POR AÑOS DE SERVICIO,normal
710202,BONIFICACION POR RESPONSABILIDAD,normal
710203,DECIMOTERCER SUELDO,normal
710204,DECIMOCUARTO SUELDO,normal
710205,DECIMOQUINTO SUELDO,normal
710206,DECIMOSEXTO SUELDO,normal
710207,BONIFICACION COMPLEMENTARIA,normal
710208,BONIFICACION TITULO ACADEMICO,normal
710209,GASTOS DE REPRESENTACION,normal
710210,SOBRESUELDOS Y BONIFICACIONES ADICIONALES,normal
710211,ESTIMULO PECUNIARIO,normal
710212,BONIFICACION DE ANIVERSARIO,normal
710213,AGUINALDO NAVIDEÑO,normal
710218,BONIFICACION MENSUAL GALAPAGOS,normal
710219,ADICIONAL REGIMEN ESPECIAL GALAPAGOS,normal
710220,BONIFICACION FRONTERIZA,normal
710223,BONIFICACION POR EL DIA DEL MEDICO,normal
710224,BONIFICACION POR EL DIA MUNDIAL DE LA SALUD,normal
710225,BONIFICACION PARA LOS PROFESIONALES DE LA SALUD,normal
710226,BONIFICACION ECONOMICA ANUAL (PERSONAL ADMINISTRATIVO),normal
710227,ADICIONAL REGION AMAZONICA,normal
710228,REMUNERACION SUPLEMENTARIA GALAPAGOS,normal
710229,ACTIVIDAD EXTRACURRICULAR GALAPAGOS,normal
710230,BONIFICACION POR EL DIA DEL MAESTRO,normal
710231,BONIFICACION POR EL DIA DEL SERVIDOR PUBLICO,normal
710232,BONIFICACION PARA EDUCADORES COMUNITARIOS,normal
710233,BONIFICACION PARA PROFESIONALES AMPARADOS O NO POR LEYES DE ESCAL,normal
710235,REMUNERACION VARIABLE POR EFICIENCIA,normal
7103,REMUNERACIONES COMPENSATORIAS,view
710301,GASTOS DE RESIDENCIA,normal
710302,SUBSIDIO POR CIRCUNSTANCIAS GEOGRAFICAS,normal
710303,COMPENSACION POR COSTO DE VIDA,normal
710304,COMPENSACION POR TRANSPORTE,normal
710305,COMPENSACION EN EL EXTERIOR,normal
710306,REFRIGERIO,normal
710307,COMISARIATO,normal
710308,COMPENSACION PEDAGOGICA,normal
710309,COMPENSACION POR TRABAJO DE ALTO RIESGO,normal
710310,SUBSIDIO PROFESORES ESCUELAS REGIONES AMAZONICAS E INSULAR,normal
7104,SUBSIDIOS,view
710401,POR CARGAS FAMILIARES,normal
710402,DE EDUCACION,normal
710403,POR MATERNIDAD,normal
710404,POR FALLECIMIENTO,normal
710405,POR GUARDERIA,normal
710406,POR VACACIONES,normal
710407,ESTIMULO ECONOMICO POR AÑOS DE SERVICIO,normal
710408,SUBSIDIO DE ANTIGUEDAD,normal
710499,OTROS SUBSIDIOS,normal
7105,REMUNERACIONES TEMPORALES,view
710501,SUELDOS,normal
710503,JORNALES,normal
710504,ENCARGOS Y SUBROGACIONES,normal
710505,SUSTITUCIONES DE PERSONAL,normal
710506,LICENCIA REMUNERADA,normal
710507,HONORARIOS,normal
710508,DIETAS,normal
710509,HORAS EXTRAORDINARIAS Y SUPLEMENTARIAS,normal
710510,SERVICIOS PERSONALES POR CONTRATO,normal
710511,REMUNERACIONES ESPECIALES SECCION NOCTURNA,normal
710512,SUBROGACION,normal
710513,ENCARGOS,normal
7106,APORTES PATRONALES A LA SEGURIDAD SOCIAL,view
710601,APORTE PATRONAL,normal
710602,FONDO DE RESERVA,normal
710603,JUBILACION PATRONAL,normal
710604,CESANTIA PRIVADA,normal
710605,JUBILACION PRIVADA,normal
7107,INDEMNIZACIONES,view
710701,COMPENSACION POR RENUNCIA VOLUNTARIA,normal
710702,SUPRESION DE PUESTO,normal
710703,DESPIDO INTEMPESTIVO,normal
710704,COMPENSACION POR DESAHUCIO,normal
710705,RESTITUCION DE PUESTO,normal
710706,POR JUBILACION,normal
710707,COMPENSACION POR VACACIONES NO GOZADAS POR CESACION DE FUNCIONES,normal
710710,POR COMPRA DE RENUNCIA,normal
710799,OTRAS INDEMNIZACIONES LABORALES,normal
7199,ASIGNACIONES A DISTRIBUIR,view
719901,ASIGNACION A DISTRIBUIR PARA GASTOS EN PERSONAL DE INVERSION,normal
73,BIENES Y SERVICIOS DE CONSUMO PARA INVERSION,view
7301,SERVICIOS BASICOS,view
730101,AGUA POTABLE,normal
730102,AGUA DE RIEGO,normal
730104,ENERGIA ELECTRICA,normal
730105,TELECOMUNICACIONES,normal
730106,SERVICIO DE CORREO,normal
7302,SERVICIOS GENERALES,view
730201,TRANSPORTE DE PERSONAL,normal
730202,FLETES Y MANIOBRAS,normal
730203,ALMACENAMIENTO,normal
730204,EDICION,normal
730205,ESPECTACULOS CULTURALES Y SOCIALES,normal
730206,EVENTOS PUBLICOS Y OFICIALES,normal
730207,DIFUSION,normal
730208,SERVICIO DE VIGILANCIA,normal
730209,SERVICIOS DE ASEO,normal
730210,SERVICIO DE GUARDERIA,normal
730212,INVESTIGACIONES PROFESIONALES Y EXAMENES DE LABORATORIO,normal
730217,DIFUSION E INFORMACION,normal
730218,PUBLICIDAD Y PROPAGANDA EN MEDIOS DE COMUNICACION MASIVA,normal
730219,PUBLICIDAD Y PROPAGANDA USANDO OTROS MEDIOS,normal
730299,OTROS SERVICIOS,normal
7303,TRASLADOS,view
730301,PASAJES AL INTERIOR,normal
730302,PASAJES AL EXTERIOR,normal
730303,VIATICOS Y SUBSISTENCIAS EN EL INTERIOR,normal
730304,VIATICOS Y SUBSISTENCIAS EN EL EXTERIOR,normal
730305,MUDANZAS E INSTALACION,normal
7304,INSTALACION,view
730401,TERRENOS,normal
730402,EDIFICIOS,normal
730403,MOBILIARIOS,normal
730404,MAQUINARIAS Y EQUIPOS,normal
730405,VEHICULOS,normal
730406,HERRAMIENTAS,normal
730499,OTRAS INSTALACIONES,normal
7305,ARRENDAMIENTOS DE BIENES,view
730501,TERRENOS,normal
730502,EDIFICIOS,normal
730503,MOBILIARIOS,normal
730504,MAQUINARIAS Y EQUIPOS,normal
730505,VEHICULOS,normal
730506,HERRAMIENTAS,normal
730512,SEMOVIENTES,normal
730599,OTROS ARRENDAMIENTOS,normal
7306,CONTRATACIONES DE ESTUDIOS E INVESTIGACIONES,view
730601,CONSULTORIA,normal
730602,SERVICIO DE AUDITORIA,normal
730603,SERVICIO DE CAPACITACION,normal
730604,FISCALIZACION E INSPECCIONES TECNICAS,normal
730605,ESTUDIO Y DISEÑO DE PROYECTOS,normal
730606,HONORARIOS POR CONTRATOS CIVILES DE SERVICIOS,normal
7307,GASTOS EN INFORMATICA,view
730701,DESARROLLO DE SISTEMAS INFORMATICOS,normal
730702,ARRENDAMIENTO Y LICENCIAS DE USO DE PAQUETES INFORMATICOS,normal
730703,ARRENDAMIENTO DE EQUIPOS INFORMATICOS,normal
730704,MANTENIMIENTO Y REPARACION DE EQUIPOS Y SISTEMAS INFORMATICOS,normal
7308,BIENES DE USO Y CONSUMO DE INVERSION,view
730801,ALIMENTOS Y BEBIDAS,normal
730802,VESTUARIO,normal
730803,COMBUSTIBLES Y LUBRICANTES,normal
730804,MATERIALES DE OFICINA,normal
730805,MATERIALES DE ASEO,normal
730806,HERRAMIENTAS,normal
730807,MATERIALES DE IMPRESION,normal
730808,INSTRUMENTAL MEDICO MENOR,normal
730809,MEDICINAS Y PRODUCTOS FARMACEUTICOS,normal
730810,MATERIALES PARA LABORATORIO Y USO MEDICO,normal
730811,MATERIALES DE CONSTRUCCION,normal
730812,MATERIALES DIDACTICOS,normal
730813,REPUESTOS Y ACCESORIOS,normal
730814,SUMINISTROS PARA ACTIVIDADES AGROPECUARIA,normal
730899,OTROS DE USO Y CONSUMO DE INVERSION,normal
7309,CREDITO POR IMPUESTO AL VALOR AGREGADO,view
730901,CREDITO FISCAL POR COMPRAS,normal
7314,BIENES MUEBLES NO DEPRECIABLES,view
731403,MOBILIARIOS,normal
731404,MAQUINARIAS Y EQUIPOS,normal
731406,HERRAMIENTAS,normal
7315,BIENES BIOLOGICOS NO DEPRECIABLES,view
731515,PLANTAS,normal
7399,ASIGNACIONES A DISTRIBUIR,view
739901,ASIGNACION A DISTRIBUIR PARA BIENES Y SERVICIOS DE INVERSION,normal
75,OBRAS PUBLICAS,view
7501,OBRAS DE INFRAESTRUCTURA,view
750101,DE AGUA POTABLE,normal
750102,DE RIEGO Y MANEJO DE AGUAS,normal
750103,DE ALCANTARILLADO,normal
750104,DE URBANIZACION Y EMBELLECIMIENTO,normal
750105,OBRAS PUBLICAS DE TRANSPORTE Y VIAS,normal
750106,OBRAS PUBLICAS PARA TELECOMUNICACIONES,normal
750107,CONSTRUCCIONES Y EDIFICACIONES,normal
750108,HOSPITALES Y CENTROS DE ASISTENCIA SOCIAL Y SALUD,normal
750109,CONSTRUCCIONES AGROPECUARIAS,normal
750110,PLANTAS INDUSTRIALES,normal
750111,HABILITAMIENTO Y PROTECCION DEL SUELO,normal
750112,FORMACION DE PLANTACIONES,normal
750113,EXPLOTACION DE AGUAS SUBTERRANEAS,normal
750199,OTRAS OBRAS DE INFRAESTRUCTURA,normal
7502,OBRAS PARA GENERACION DE ENERGIA,view
750201,OBRAS PARA GENERACION ELECTRICA HIDRAULICA,normal
750202,OBRAS PARA GENERACION ELECTRICA TERMICA,normal
750299,OTROS SISTEMAS DE GENERACION DE ENERGIA,normal
7503,OBRAS EN HIDROCARBUROS Y MINAS,view
750301,EN OBRAS DE EXTRACCION,normal
750302,EN OBRAS DE REFINACION,normal
750303,EN OBRAS DE ALMACENAMIENTO,normal
750304,EN OBRAS DE COMERCIALIZACION,normal
750305,EN OBRAS DE TRANSPORTE DE MATERIAS PRIMAS Y DERIVADOS,normal
750399,OTRAS OBRAS PARA EL SECTOR HIDROCARBURIFERO Y MINERO,normal
7504,OBRAS EN LINEAS,view
750401,LINEAS,normal
750402,LINEAS,normal
750499,OTRAS OBRAS ELECTRICAS Y DE TELECOMUNICACIONES,normal
7505,MANTENIMIENTO Y REPARACIONES,view
750501,EN OBRAS DE INFRAESTRUCTURA,normal
750502,EN OBRAS PARA GENERACION DE ENERGIA,normal
750503,EN OBRAS DE HIDROCARBUROS Y MINAS,normal
750504,EN OBRAS DE LINEAS,normal
750599,OTROS MANTENIMIENTOS Y REPARACIONES DE OBRAS,normal
7599,ASIGNACIONES A DISTRIBUIR,view
759901,ASIGNACION A DISTRIBUIR PARA OBRAS PUBLICAS,normal
77,OTROS GASTOS DE INVERSION,view
7701,IMPUESTOS,view
770101,IMPUESTO AL VALOR AGREGADO,normal
770102,TASAS GENERALES,normal
770103,TASAS PORTUARIAS,normal
770104,CONTRIBUCIONES ESPECIALES Y DE MEJORA,normal
770199,OTROS IMPUESTOS,normal
7702,SEGUROS,view
770201,SEGUROS,normal
770203,COMISIONES BANCARIAS,normal
770204,REAJUSTES DE INVERSIONES,normal
770205,DIFERENCIAL CAMBIARIO,normal
770206,COSTAS JUDICIALES,normal
770213,DEVOLUCION DE GARANTIAS,normal
770299,OTROS GASTOS FINANCIEROS,normal
7799,ASIGNACIONES A DISTRIBUIR,view
779901,ASIGNACION SUJETA A DISTRIBUCION PARA INVERSION,normal
78,TRANSFERENCIAS PARA INVERSION,view
7801,TRANSFERENCIAS PARA INVERSION AL SECTOR PUBLICO,view
780101,AL GOBIERNO CENTRAL,normal
780102,A ENTIDADES DESCENTRALIZADAS Y AUTONOMAS,normal
780103,A EMPRESAS PUBLICAS,normal
780104,A GOBIERNOS AUTONOMOS DESCENTRALIZADOS,normal
780105,A LA SEGURIDAD SOCIAL,normal
780106,A ENTIDADES FINANCIERAS PUBLICAS,normal
780108,A ENTIDADES DEL GOBIERNO SECCIONAL,normal
7802,TRANSFERENCIAS DE INVERSION AL SECTOR PRIVADO INTERNO,view
780203,AL SECTOR PRIVADO FINANCIERO,normal
780204,AL SECTOR PRIVADO NO FINANCIERO,normal
780206,BECAS,normal
7899,ASIGNACIONES A DISTRIBUIR,view
789901,ASIGNACION A DISTRIBUIR PARA TRANSFERENCIA Y DONACIONES DE INVERS,normal
8,GASTOS DE CAPITAL,view
84,ACTIVOS DE LARGA DURACION,view
8401,BIENES MUEBLES,view
840103,MOBILIARIOS,normal
840104,MAQUINARIAS Y EQUIPOS,normal
840105,VEHICULOS,normal
840106,HERRAMIENTAS,normal
840107,EQUIPOS,normal
840108,BIENES ARTISTICOS Y CULTURALES,normal
840109,LIBROS Y COLECCIONES,normal
840110,PERTRECHOS PARA LA DEFENSA Y SEGURIDAD PUBLICA,normal
840111,PARTES Y REPUESTOS,normal
8402,BIENES INMUEBLES Y SEMOVIENTES,view
840201,TERRENOS,normal
840202,EDIFICIOS,normal
840212,SEMOVIENTES,normal
840213,BOSQUES,normal
840299,OTROS BIENES INMUEBLES,normal
8403,EXPROPIACIONES DE BIENES,view
840301,TERRENOS,normal
840302,EDIFICIOS,normal
840399,OTRAS EXPROPIACIONES DE BIENES,normal
8404,INTANGIBLES,view
840401,INTANGIBLES,normal
8409,CREDITOS POR IMPUESTO AL VALOR AGREGADO,view
840901,CREDITO FISCAL POR COMPRAS,normal
8499,ASIGNACIONES A DISTRIBUIR,view
849901,ASIGNACION A DISTRIBUIR PARA BIENES DE LARGA DURACION,normal
85,APORTE FISCAL DE CAPITAL,view
8501,APORTE FISCAL DE CAPITAL,view
850101,AL GOBIERNO CENTRAL,normal
87,INVERSIONES FINANCIERAS,view
8701,INVERSIONES EN TITULOS Y VALORES,view
870101,CERTIFICADOS DEL TESORO NACIONAL,normal
870102,BONOS DEL ESTADO,normal
870103,DEPOSITOS A PLAZO,normal
870104,COMPRA DE ACCIONES Y PARTICIPACIONES DE CAPITAL,normal
870107,PARTICIPACIONES FIDUCIARIAS,normal
870199,OTRAS INVERSIONES,normal
8702,CONCESION DE PRESTAMOS,view
870201,AL GOBIERNO CENTRAL,normal
870202,A ENTIDADES DESCENTRALIZADAS Y AUTONOMAS,normal
870203,A EMPRESAS PUBLICAS,normal
870204,A ENTIDADES DEL GOBIERNO SECCIONAL,normal
870205,A SEGURIDAD SOCIAL,normal
870206,A ENTIDADES FINANCIERAS PUBLICAS,normal
870207,AL SECTOR PRIVADO,normal
8703,INVERSIONES PERMANENTES EN TITULOS Y VALORES,view
870304,COMPRA DE ACCIONES,normal
870309,APORTES PARA FUTURAS CAPITALIZACIONES,normal
870399,OTROS VALORES,normal
8799,ASIGNACIONES A DISTRIBUIR,view
879901,ASIGNACION A DISTRIBUIR PARA INVERSIONES FINANCIERAS,normal
88,TRANSFERENCIAS DE CAPITAL,view
8801,TRANSFERENCIAS DE CAPITAL AL SECTOR PUBLICO,view
880101,AL GOBIERNO CENTRAL,normal
880102,A ENTIDADES DESCENTRALIZADAS Y AUTONOMAS,normal
880103,A EMPRESAS PUBLICAS,normal
880104,A ENTIDADES DEL GOBIERNO SECCIONAL,normal
880105,A LA SEGURIDAD SOCIAL,normal
880106,A ENTIDADES FINANCIERAS PUBLICAS,normal
880108,A FONDOS Y CUENTAS ESPECIALES,normal
880110,AL FONDO DE CONTINGENCIAS,normal
8802,TRANSFERENCIAS DE CAPITAL AL SECTOR PRIVADO INTERNO,view
880203,AL SECTOR PRIVADO FINANCIERO,normal
880204,AL SECTOR PRIVADO NO FINANCIERO,normal
8804,APORTES Y PARTICIPACIONES AL SECTOR PUBLICO,view
880401,POR EXPORTACION HIDROCARBUROS Y DERIVADOS,normal
880402,POR APLICACION DEL FONDO DE INVERSION PETROLERA,normal
880408,POR APLICACION DE CUENTAS Y FONDOS ESPECIALES,normal
880499,POR OTRAS PARTICIPACIONES Y APORTES,normal
8899,ASIGNACIONES A DISTRIBUIR,view
889901,ASIGNACION A DISTRIBUIR PARA TRANSFERENCIAS Y DONACIONES DE CAPIT,normal
9,APLICACION DEL FINANCIAMIENTO,view
96,AMORTIZACION DE LA DEUDA PUBLICA,view
9601,AMORTIZACION DE TITULOS Y VALORES,view
960101,CERTIFICADOS DEL TESORO NACIONAL,normal
960102,BONOS DEL ESTADO,normal
960199,OTROS TITULOS Y VALORES,normal
9602,AMORTIZACION DEUDA INTERNA,view
960201,AL SECTOR PUBLICO FINANCIERO,normal
960202,AL SECTOR PUBLICO NO FINANCIERO,normal
960203,AL SECTOR PRIVADO FINANCIERO,normal
960204,AL SECTOR PRIVADO NO FINANCIERO,normal
960205,A LA SEGURIDAD SOCIAL,normal
9603,AMORTIZACION DEUDA EXTERNA,view
960301,A ORGANISMOS MULTILATERALES,normal
960302,A GOBIERNOS Y ORGANISMOS GUBERNAMENTALES,normal
960303,AL SECTOR PRIVADO FINANCIERO,normal
960304,AL SECTOR PRIVADO NO FINANCIERO,normal
9699,ASIGNACIONES A DISTRIBUIR,view
969901,ASIGNACION A DISTRIBUIR PARA AMORTIZACION DE LA DEUDA PUBLICA,normal
97,PASIVO CIRCULANTE,view
9701,DEUDA FLOTANTE,view
970101,DE CUENTAS POR PAGAR,normal
970102,DEPOSITO DE TERCEROS,normal
