id,sequence,name,estrategy_id/id
program_1,1,DESCENTRALIZACION INTEGRAL DE COMPETENCIAS,est_4
program_2,2,FORTALECIMIENTO DE LA IDENTIDAD TERRITORIAL,est_4
program_3,3,INTEGRACION REGIONAL Y BINACIONAL,est_4
program_4,4,DESARROLLO DE SECTORES ESTRATEGICOS,est_5
program_5,5,OPTIMIZACION DE PROCESOS DE LA GESTION FINANCIERA,est_6
program_6,6,OPTIMIZACION DE PROCESOS DE IMPACTO EN GESTION,est_7
program_7,7,FORTALECIMIENTO Y DESARROLLO DE SUBSITEMAS DE TALENTO HUMANO,est_7
program_8,8,FORTALECIMIENTO E IMPLEMENTACION SISTEMAS DE GESTION INSTITUCIONAL ,est_7
program_9,9,PLANIFICACION TERRITORIAL Y ESTRATEGICA  INSTITUCIONAL,est_7
program_10,10,COOPERACION INTERNACIONAL,est_7
program_11,11,INSTITUCIONALIZACION DE ENFOQUE DE EQUIDAD,est_7
program_12,12,FISCALIZACION,est_7
program_13,15,FOMENTO PRODUCTIVO AGROPECUARIO ,est_9
program_14,16,FOMENTO PRODUCTIVO INDUSTRIAL,est_10
program_15,17,FOMENTO DE VIVIENDA RURAL PRODUCTIVA,est_11
program_16,18,FORTALECIMIENTO TURISTICO,est_12
program_17,19,EVALUACION DE IMPACTOS AMBIENTALES,est_14
program_18,20,GESTION AMBIENTAL INSTITUCIONAL,est_14
program_19,21,GESTION Y CONSERVACION DE LOS RECURSOS NATURALES,est_15
program_20,22,GESTION DE RIESGOS ,est_15
program_21,23,CONSTRUCCION ,est_15
program_22,24,MANTENIMIENTO,est_15
program_23,25,MEJORAMIENTO,est_15
program_24,26,PLAN VIAL EMERGENTE INTERCANTONAL,est_15
program_25,27,FUNCIONAMIENTO DEL SISTEMA DE PARTICIPACION DEL AZUAY ,est_1
program_26,28,FORTALECIMIENTO SOCIO - ORGANIZATIVO SECTORIAL,est_2
program_27,29,MEJORAMIENTO DE LA CALIDAD DE VIDA CUOTIDIANA,est_2
program_28,30,FORMACION CIUDADANA,est_3
program_29,31,FORMACION CIUDADANA EN POLITICAS PUBLICAS,est_3
program_30,32,INSTITUCIONALIZACION DEL ENFOQUE DE EQUIDAD Y GENERO,est_3
program_31,33,COMUNICACION ,est_7
program_32,34,ATENCION A LOS DERECHOS DE PERSONAS Y GRUPOS PRIORITARIOS,est_2
program_33,35,CIUDADANIA ACTIVA,est_2
