sequence,name,axis_id
1,INSTAURAR MODELOS DE COGOBIERNO,AMPLIACIÓN DE LA DEMOCRACIA
2,DESARROLLO DE CAPACIDADES Y POTENCIALIDADES CIUDADANAS,AMPLIACIÓN DE LA DEMOCRACIA
3,IMPULSAR LA FORMACION Y EJERCICIO DE  LA CIUDADANIA ,AMPLIACIÓN DE LA DEMOCRACIA
4,"IMPULSAR PROCESOS INTEGRALES DE DESCENTRALIZACIÓN,AUTONOMÍA E INTEGRACIÓN REGIONAL",AUTONOMÍA SOLIDARIA
5,POTENCIAR SECTORES PRODUCTIVOS ESTRATÉGICOS,AUTONOMÍA SOLIDARIA
6,DESARROLLAR  LA AUTOGESTION FINANCIERA ,AUTONOMÍA SOLIDARIA
7,OPTIMIZAR LA  GESTION INSTITUCIONAL,AUTONOMÍA SOLIDARIA
9,FOMENTAR LA AGROPRODUCCIÓN,ECONOMIA SOCIAL Y SOLIDARIA
10,FOMENTAR LA INDUSTRIALIZACION,ECONOMIA SOCIAL Y SOLIDARIA
11,DESARROLLAR CONDICIONES PARA EL HABITAT PRODUCTIVO,ECONOMIA SOCIAL Y SOLIDARIA
12,FOMENTO DE SERVICIOS,ECONOMIA SOCIAL Y SOLIDARIA
14,GARANTIZAR LA CALIDAD AMBIENTAL,SUSTENTABILIDAD AMBIENTAL
15,CONSERVAR LOS RECURSOS NATURALES Y BIODIVERSIDAD,SUSTENTABILIDAD AMBIENTAL
16,PARTICIPAR EN EL SISTEMA DE GESTIÓN DE RIESGOS,SUSTENTABILIDAD AMBIENTAL
17,FORTALECER LA GESTION VIAL,GESTION VIAL SOLIDARIA
